Product Name,Product Price,Review
"Mivi DuoPods i6 TWS, Engineered for Athletes, IPX 4.0,1...",699,4.3
boAt Airdopes 131 with upto 60 hours and ASAP Charge Bl...,699,4.0
"realme Buds T110 with AI ENC for calls, upto 38 hours o...",1099,4.2
OPPO Enco Buds 2 with 28 hours Battery life & Deep Nois...,1299,4.3
boAt Airdopes 161/163 with ASAP Charge & 40 HRS Playbac...,799,4.0
"Mivi DuoPods K2 TWS,AI-ENC,40Hr Playtime,13mm Bass,Made...",599,3.9
"boAt Airdopes Supreme w/ 4 Mics AI ENx Tech, 50 HRS Pla...",999,4.1
Apple AirPods(2nd gen) with Charging Case Bluetooth Hea...,7499,4.5
Apple AirPods Pro (2nd generation) with MagSafe Case (U...,17999,4.6
"CMF by Nothing Buds 42 dB Active Noise Cancellation, Ul...",1799,4.3
"Boult Z40 Pro with 100H Battery, Quad Mic ENC, Scratch ...",1199,4.1
"TRIGGR Ultrabuds N1 Neo with ENC, 40Hr Playback, 13mm D...",599,4.1
boAt Nirvana Ion with 120 Hours Playback & Crystal Bion...,1398,4.1
OnePlus Nord Buds 2r in Ear Earbuds with Dual Mic & AI ...,1599,4.3
"Boult Z40 Pro with 100H Battery, Quad Mic ENC, Scratch ...",1199,4.1
"realme Buds T300 with 12.4mm Driver, 30dB ANC, 360 Spat...",1699,4.3
"Boult Astra with Quad Mic ENC, 48Hrs Battery, Low Laten...",1099,4.1
"Mivi DuoPods i6 TWS, Engineered for Athletes, IPX 4.0,1...",699,4.3
"Boult Y1 with Zen ENC Mic, 50H Battery, Fast Charging, ...",799,4.0
"OnePlus Buds 3 TWS, in Ear Earbuds with Sliding Volume ...",4499,4.5
"Boult W20 with Zen ENC Mic, 35H Battery Life, Low Laten...",799,4.1
"truke Buds Q1 Lite with Quad-Mic ENC, 48H Playtime, Roy...",599,4.0
boAt Airdopes 161/163 with ASAP Charge & 40 HRS Playbac...,799,4.0
boAt Airdopes 161/163 with ASAP Charge & 40 HRS Playbac...,799,4.0
"Boult W20 with Zen ENC Mic, 35H Battery Life, Low Laten...",799,4.1
OnePlus Nord Buds 2 Earbuds with 25dB Active Noise Canc...,1999,4.3
"TRIGGR Kraken X1 with Battery Display, 40ms Latency, Qu...",799,4.0
"Boult Y1 with Zen ENC Mic, 50H Battery, Fast Charging, ...",799,4.0
"boAt Airdopes 181 Pro w/ 100 HRS Playback, 4 Mics ENx T...",999,4.0
"Noise Buds VS102 with 50 Hrs Playtime, 11mm Driver, IPX...",899,4.0
"Boult Astra with Quad Mic ENC, 48Hrs Battery, Low Laten...",1099,4.1
"Mivi SuperPods Opera earbuds [Flagship Launch], Hi-res ...",1499,4.8
"boAt Immortal 161 w/ Beast Mode(40ms Low Latency), 40 H...",899,4.0
boAt Nirvana Ion with 120 Hours Playback & Crystal Bion...,1398,4.1
boAt Airdopes 131 with upto 60 hours and ASAP Charge Bl...,699,4.0
"boAt Immortal 131 w/ Beast Mode(40ms Low Latency), 40 H...",1099,4.0
"truke BTG1 Earbuds with Game Mode, 48H Playtime, Quad M...",749,4.0
"TRIGGR Apex S1 with Dual Pairing, 100H Battery, Quad Mi...",799,4.0
OnePlus Nord Buds 2r in Ear Earbuds with Dual Mic & AI ...,1599,4.3
"realme Buds T110 with AI ENC for calls, upto 38 hours o...",1099,4.2
"Mivi DuoPods i6 TWS, Engineered for Athletes, IPX 4.0,1...",699,4.3
boAt Airdopes 161/163 with ASAP Charge & 40 HRS Playbac...,799,4.0
OnePlus Nord Buds 3 Pro Truly Wireless Earbuds with 49d...,2799,4.4
"moto buds with Hi-Res Audio, Large 12.4mm driver, 42 hr...",1999,4.0
"Boult Y1 Pro with Zen Quad Mic ENC, 60Hrs Battery, Fast...",899,4.1
"realme Buds T310 with 12.4mm Driver, 46dB ANC, Spatial ...",2199,4.3
boAt Airdopes 131 with upto 60 hours and ASAP Charge Bl...,699,4.0
"Boult Z40 Pro with 100H Battery, Quad Mic ENC, Scratch ...",1199,4.1
"boAt Airdopes 161 ANC Elite w/ ANC, 50 HRS Playback, AS...",1199,4.0
"Boult W20 with Zen ENC Mic, 35H Battery Life, Low Laten...",799,4.1
"Boult Astra with Quad Mic ENC, 48Hrs Battery, Low Laten...",1099,4.1
"TRIGGR Ultrabuds N1 Neo with ENC, 40Hr Playback, 13mm D...",599,4.1
"truke BTG Ultra with 60H Playtime, 360Spatial, Low Late...",699,4.0
boAt Airdopes 131 with upto 60 hours and ASAP Charge Bl...,799,4.0
"TRIGGR Ultrabuds N1 Neo with ENC, 40Hr Playback, 13mm D...",599,4.1
"realme Buds T110 with AI ENC for calls, upto 38 hours o...",1099,4.2
"Mivi DuoPods i6 TWS, Engineered for Athletes, IPX 4.0,1...",699,4.3
"Boult W20 with Zen ENC Mic, 35H Battery Life, Low Laten...",799,4.1
"Noise Buds VS102 Neo with 40 Hrs Playtime, Environmenta...",799,4.0
"Boult W10 55H Battery, 4 Mic ENC, Spatial Audio, 45ms L...",699,4.1
"TRIGGR Kraken X1 with Battery Display, 40ms Latency, Qu...",799,4.0
"truke Buds Q1 Lite with Quad-Mic ENC, 48H Playtime, Roy...",599,4.0
"realme Buds Air 6 Pro with 50dB ANC, 360 Spatial Audio ...",4499,4.4
"Boult W40 with Quad Mic ENC, 48H Battery Life, Low Late...",899,4.1
"boAt Airdopes 131 Pro Buds w/ In Ear Detection, 4 Mics ...",999,4.1
"boAt Airdopes 71 w/ 40 HRS Playback, ENx Technology & B...",799,3.9
"Boult Y1 with Zen ENC Mic, 50H Battery, Fast Charging, ...",799,4.0
boAt Airdopes 161/163 with ASAP Charge & 40 HRS Playbac...,799,4.0
OPPO Enco Buds 2 with 28 hours Battery life & Deep Nois...,1299,4.3
"boAt Airdopes 161 w/ 50HRS Playback, ENx Tech, 13mm Dri...",899,4.0
"Boult Astra with Quad Mic ENC, 48Hrs Battery, Low Laten...",1099,4.1
"Mivi SuperPods Opera earbuds [Flagship Launch], Hi-res ...",1499,4.8
"Boult Astra with Quad Mic ENC, 48Hrs Battery, Low Laten...",1099,4.1
"Boult W10 55H Battery, 4 Mic ENC, Spatial Audio, 45ms L...",699,4.1
"boAt Airdopes 161 Pro-Buds w/ ASAP Charge, Multi-Point ...",999,3.8
"boAt Airdopes 71 w/ 40 HRS Playback, ENx Technology & B...",799,3.9
"Boult Z40 Pro with 100H Battery, Quad Mic ENC, Scratch ...",1199,4.1
"truke BTG1 Earbuds with Game Mode, 48H Playtime, Quad M...",749,4.0
"boAt Immortal 171 w/ Beast Mode(40ms Low Latency), 40 H...",999,4.0
"realme Buds Air 6 with 50dB ANC, 12.4mm Bass Driver, Hi...",2799,4.3
"Mivi DuoPods i6 TWS, Engineered for Athletes, IPX 4.0,1...",699,4.3
boAt Airdopes 161/163 with ASAP Charge & 40 HRS Playbac...,799,4.0
"HOPPUP Predator Xo1 Earbuds with 50H Playtime,13MM Driv...",699,4.1
OnePlus Nord Buds 2 True Wireless Earbuds with 25dB Act...,1999,4.3
"Noise Buds VS102 with 50 Hrs Playtime, 11mm Driver, IPX...",899,4.0
"truke Buds F1 Ultra with 60 Hours Playtime, Spatial Aud...",799,4.0
boAt Airdopes 131 with upto 60 hours and ASAP Charge Bl...,699,4.0
"Mivi DuoPods K2 TWS,AI-ENC,40Hr Playtime,13mm Bass,Made...",599,3.9
"boAt Immortal 161 w/ Beast Mode(40ms Low Latency), 40 H...",899,4.0
"Noise Buds VS102 Plus with 70 Hrs Playtime, Environment...",1099,3.9
"TRIGGR Ultrabuds N1 Neo with ENC, 40Hr Playback, 13mm D...",599,4.1
"Mivi DuoPods i6 TWS, Engineered for Athletes, IPX 4.0,1...",699,4.3
"Noise Buds VS102 Neo with 40 Hrs Playtime, Environmenta...",699,4.0
"Noise Buds VS102 Neo with 40 Hrs Playtime, Environmenta...",799,4.0
"Noise Buds VS102 with 50 Hrs Playtime, 11mm Driver, IPX...",899,4.0
"Mivi DuoPods i6 TWS, Engineered for Athletes, IPX 4.0,1...",699,4.3
"Boult W20 with Zen ENC Mic, 35H Battery Life, Low Laten...",799,4.1
"TRIGGR Kraken X1 with Battery Display, 40ms Latency, Qu...",799,4.0
"boAt Nirvana Ion 32dB Active Noise Cancellation, 120HRS...",1799,4.1
"CMF by Nothing Buds Pro with 45 dB ANC, Ultra Bass Tech...",2499,4.1
"truke Buds Q1 Lite with Quad-Mic ENC, 48H Playtime, Roy...",599,4.0
"Boult Y1 with Zen ENC Mic, 50H Battery, Fast Charging, ...",799,4.0
"Noise Buds VS102 Neo with 40 Hrs Playtime, Environmenta...",799,4.0
"boAt Airdopes 181 Pro w/ 100 HRS Playback, 4 Mics ENx T...",999,4.0
"Noise Buds VS102 Elite with 50Hr Playtime, ENC, Quad Mi...",999,4.0
"Noise Buds VS102 Pro with ANC (25dB), 70 Hours Playtime...",1299,3.8
boAt Airdopes 161/163 with ASAP Charge & 40 HRS Playbac...,799,4.0
"Boult Astra with Quad Mic ENC, 48Hrs Battery, Low Laten...",1099,4.1
"boAt Nirvana Ion 32dB Active Noise Cancellation, 120HRS...",1899,4.1
"JBL Tune 235NC TWS, Active Noise Cancellation, 40Hr Pla...",2999,3.8
"Boult Z40 Pro with 100H Battery, Quad Mic ENC, Scratch ...",1199,4.1
"Mivi SuperPods Opera earbuds [Flagship Launch], Hi-res ...",1499,4.8
"boAt Airdopes 71 w/ 40 HRS Playback, ENx Technology & B...",799,3.9
"Boult W40 with Quad Mic ENC, 48H Battery Life, Low Late...",899,4.1
Nothing Ear (a) 2024 | ChatGPT Compatible | Hi-Res audi...,4999,4.3
"Boult Astra Neo 70Hrs Playtime, 4 Mic ENC, BT 5.4, 40ms...",999,4.1
"Boult Z40 Pro with 100H Battery, Quad Mic ENC, Scratch ...",1199,4.1
"Boult Astra with Quad Mic ENC, 48Hrs Battery, Low Laten...",1099,4.1
"Boult Z40 Pro with 100H Battery, Quad Mic ENC, Scratch ...",1199,4.1
"boAt Airdopes 161 Pro-Buds w/ ASAP Charge, Multi-Point ...",1099,3.8
"Mivi DuoPods i6 TWS, Engineered for Athletes, IPX 4.0,1...",699,4.3
boAt Airdopes 131 with upto 60 hours and ASAP Charge Bl...,699,4.0
boAt Airdopes 161 ANC w/ Active Noise Cancellation(32dB...,1099,3.8
"moto buds with Hi-Res Audio, Large 12.4mm driver, 42 hr...",1999,4.0
"boAt Airdopes 300 w/ 4-Mics ENx Technology,Multipoint C...",1099,3.9
"Portronics Harmonics Twins S3 Smart TWS Earbuds,20 Hour...",749,4.0
"Boult Z40 Pro with 100H Battery, Quad Mic ENC, Scratch ...",1199,4.1
"Boult Astra with Quad Mic ENC, 48Hrs Battery, Low Laten...",1099,4.1
OPPO Enco Air2i Bluetooth,1399,4.3
"TRIGGR Ultrabuds N1 Neo with ENC, 40Hr Playback, 13mm D...",599,4.1
"TRIGGR Ultrabuds N1 Neo with ENC, 40Hr Playback, 13mm D...",599,4.1
"Mivi DuoPods i6 TWS, Engineered for Athletes, IPX 4.0,1...",699,4.3
boAt Airdopes 131 Elite ANC w/ Active Noise Cancellatio...,1099,4.0
"boAt Airdopes 161 Pro-Buds w/ ASAP Charge, Multi-Point ...",999,3.8
"TRIGGR Kraken X1 with Battery Display, 40ms Latency, Qu...",699,4.0
"Noise Buds VS102 Elite with 50Hr Playtime, ENC, Quad Mi...",999,4.0
"Boult W20 with Zen ENC Mic, 35H Battery Life, Low Laten...",799,4.1
"TRIGGR Kraken X1 with Battery Display, 40ms Latency, Qu...",799,4.0
"Noise Aura Buds with Dual Device Pairing, 60 Hours of P...",999,4.0
"Boult K10 50H Battery, 4 Mic ENC, 45ms Low Latency, Dua...",699,4.1
"truke Buds Q1 Lite with Quad-Mic ENC, 48H Playtime, Roy...",599,4.0
"Boult W20 with Zen ENC Mic, 35H Battery Life, Low Laten...",799,4.1
Nothing Ear (a) 2024 | ChatGPT Compatible | Hi-Res audi...,4999,4.3
"boAt Airdopes Drift with Beast Mode, Blazing LEDs, 40 H...",1199,4.4
"Boult Z60 with 60Hr Battery, Quad Mic ENC, 50ms Ultra L...",999,4.0
"realme Buds T300 with 12.4mm Driver, 30dB ANC, 360 Spat...",1699,4.3
"Boult Y1 with Zen ENC Mic, 50H Battery, Fast Charging, ...",799,4.0
"Boult Astra with Quad Mic ENC, 48Hrs Battery, Low Laten...",1099,4.1
"Mivi SuperPods Opera earbuds [Flagship Launch], Hi-res ...",1499,4.8
"boAt Airdopes 161 with ASAP Charge, 40 Hours Playback &...",799,4.0
"Mivi SuperPods Opera earbuds [Flagship Launch], Hi-res ...",1499,4.8
"Boult Z40 Pro with 100H Battery, Quad Mic ENC, Scratch ...",1199,4.1
Soundcore by Anker Liberty Air 2 Pro With Active Noise ...,2999,4.1
"Noise Buds X prime with 120 Hrs of Playtime, ENC with Q...",1099,3.9
"TRIGGR Ultrabuds N1 Neo with ENC, 40Hr Playback, 13mm D...",599,4.1
"boAt Airdopes 131 Pro Buds w/ In Ear Detection, 4 Mics ...",999,4.1
"truke BTG1 Earbuds with Game Mode, 48H Playtime, Quad M...",749,4.0
"TRIGGR Apex S1 with Dual Pairing, 100H Battery, Quad Mi...",799,4.0
"realme Buds Air 6 with 50dB ANC, 12.4mm Bass Driver, Hi...",2799,4.3
"TRIGGR Kraken X4 with 13mm Drivers, 40ms Latency, ENC, ...",799,4.2
"Mivi DuoPods i6 TWS, Engineered for Athletes, IPX 4.0,1...",699,4.3
boAt Airdopes 131 with upto 60 hours and ASAP Charge Bl...,699,4.0
"CMF by Nothing Buds 42 dB Active Noise Cancellation, Ul...",1799,4.3
"realme Buds Air 5 with 50dB ANC, 12.4mm Dynamic Bass Dr...",2499,4.3
"realme Buds T310 with 12.4mm Driver, 46dB ANC, Spatial ...",2199,4.3
"Noise Buds VS102 Pro with ANC (25dB), 70 Hours Playtime...",1299,3.8
"Mivi DuoPods K2 TWS,AI-ENC,40Hr Playtime,13mm Bass,Made...",599,3.9
"Boult Z40 Pro with 100H Battery, Quad Mic ENC, Scratch ...",1199,4.1
"boAt Airdopes 161 w/ 50HRS Playback, ENx Tech, 13mm Dri...",999,4.0
"Noise Buds VS102 Plus with 70 Hrs Playtime, Environment...",1099,3.9
"Boult Astra with Quad Mic ENC, 48Hrs Battery, Low Laten...",1099,4.1
"TRIGGR Ultrabuds N1 Neo with ENC, 40Hr Playback, 13mm D...",599,4.1
"boAt Immortal 131 w/ Beast Mode(40ms Low Latency), 40 H...",1099,4.0
REDMI Buds 5 with 46dB Hybrid Active Noise Cancellation...,2199,4.2
"Noise Buds VS102 Neo with 40 Hrs Playtime, Environmenta...",799,4.0
"TRIGGR Ultrabuds N1 Neo with ENC, 40Hr Playback, 13mm D...",599,4.1
"Mivi DuoPods i6 TWS, Engineered for Athletes, IPX 4.0,1...",699,4.3
"Boult W20 with Zen ENC Mic, 35H Battery Life, Low Laten...",799,4.1
REDMI Buds 5 with 46dB Hybrid Active Noise Cancellation...,2199,4.2
"realme Buds Air 6 with 50dB ANC, 12.4mm Bass Driver, Hi...",2799,4.3
"TRIGGR Kraken X1 with Battery Display, 40ms Latency, Qu...",799,4.0
"truke Buds Q1 Lite with Quad-Mic ENC, 48H Playtime, Roy...",599,4.0
SONY WF-C500 IPX4/20Hrs Battery Life Bluetooth,4448,4.1
"truke BTG Ultra with 60H Playtime, 360Spatial, Low Late...",799,4.0
Nothing Ear 2024 | ChatGPT Compatible | Hi-Res Audio | ...,7999,4.4
"CMF by Nothing Buds Pro with 45 dB ANC, Ultra Bass Tech...",2499,4.1
"Boult Y1 with Zen ENC Mic, 50H Battery, Fast Charging, ...",799,4.0
"Boult Astra with Quad Mic ENC, 48Hrs Battery, Low Laten...",1099,4.1
Soundcore by Anker Liberty Air 2 Pro With Active Noise ...,2999,4.1
"realme Buds T310 with 12.4mm Driver, 46dB ANC, Spatial ...",2199,4.3
"Mivi SuperPods Opera earbuds [Flagship Launch], Hi-res ...",1499,4.8
"Boult Z40 Pro with 100H Battery, Quad Mic ENC, Scratch ...",1199,4.1
"realme Buds Air 5 with 50dB ANC, 12.4mm Dynamic Bass Dr...",2499,4.3
"Noise Pop buds with 50 Hrs of playtime, Quad Mic with E...",899,3.9
"boAt Nirvana Ion 32dB Active Noise Cancellation, 120HRS...",1899,4.1
"REDMI Buds 5C Earbuds, 40dB Hybrid ANC TWS, 4 Mic, 5 EQ...",1599,4.2
"truke BTG1 Earbuds with Game Mode, 48H Playtime, Quad M...",749,4.0
boAt Nirvana Ion with 120 Hours Playback & Crystal Bion...,1398,4.1
"truke Buds Q1 Lite with Quad-Mic ENC,48H Playtime,Royal...",699,4.0
Soundcore by Anker Liberty Air 2 Pro With Active Noise ...,2999,4.1
"Mivi DuoPods i6 TWS, Engineered for Athletes, IPX 4.0,1...",699,4.3
boAt Airdopes 131 with upto 60 hours and ASAP Charge Bl...,699,4.0
"realme Buds Air 6 Pro with 50dB ANC, 360 Spatial Audio ...",4499,4.4
"Noise Buds VS102 Pro with ANC (25dB), 70 Hours Playtime...",1299,3.8
"truke Airbuds Lite with Quad Mic ENC, 48Hrs Battery, Ga...",699,3.9
"boAt Airdopes 181 Pro w/ 100 HRS Playback, 4 Mics ENx T...",1099,4.0
"Mivi DuoPods K2 TWS,AI-ENC,40Hr Playtime,13mm Bass,Made...",599,3.9
"Boult Z40 Pro with 100H Battery, Quad Mic ENC, Scratch ...",1199,4.1
"TRIGGR Apex S1 with Dual Pairing, 100H Battery, Quad Mi...",799,4.0
"HOPPUP AirDoze S40 Earbuds with 13MM Drivers, 40H Playt...",599,4.0
"Boult Astra with Quad Mic ENC, 48Hrs Battery, Low Laten...",1099,4.1
"TRIGGR Ultrabuds N1 Neo with ENC, 40Hr Playback, 13mm D...",599,4.1
"TRIGGR Kraken X4 with 13mm Drivers, 40ms Latency, ENC, ...",799,4.2
"SONY WF-1000XM5 Best Noise Cancelling TWS Earbuds,Multi...",20990,4.2
"boAt Immortal 171 w/ Beast Mode(40ms Low Latency), 40 H...",999,4.0
"JBL Vibe Beam TWS, 32Hr Playtime, IP54, Smart Ambient &...",2299,3.8
"Mivi DuoPods i6 TWS, Engineered for Athletes, IPX 4.0,1...",699,4.3
"Boult W20 with Zen ENC Mic, 35H Battery Life, Low Laten...",799,4.1
"Mivi DuoPods i3 TWS,13mm Bass,45+H Playtime,AI ENC,Low ...",799,4.0
"TRIGGR Apex S1 with Dual Pairing, 100H Battery, Quad Mi...",799,4.0
"TRIGGR Kraken X1 with Battery Display, 40ms Latency, Qu...",799,4.0
"truke Buds Q1 Lite with Quad-Mic ENC, 48H Playtime, Roy...",599,4.0
"Noise Buds Trance with 45 Hrs Playtime, Low Latency (up...",999,4.1
boAt Immortal Airspeed Pro w/ Active Noise Cancellation...,1399,4.2
"Noise Buds X prime with 120 Hrs of Playtime, ENC with Q...",1099,3.9
"boAt Immortal 201 TWS Earbuds w/ 40 hrs Playtime,40 ms ...",1099,4.1
"Boult Y1 with Zen ENC Mic, 50H Battery, Fast Charging, ...",799,4.0
"Boult Astra with Quad Mic ENC, 48Hrs Battery, Low Laten...",1099,4.1
"boAt Airdopes 131 Pro Buds w/ In Ear Detection, 4 Mics ...",1299,4.1
"REDMI Buds 5C Earbuds, 40dB Hybrid ANC TWS, 4 Mic, 5 EQ...",1599,4.2
"Mivi SuperPods Opera earbuds [Flagship Launch], Hi-res ...",1499,4.8
"Boult Z40 Pro with 100H Battery, Quad Mic ENC, Scratch ...",1199,4.1
"boAt Airdopes 161 Thor Edition w/ 40 HRS Playback, ASAP...",799,4.0
"Noise Pop buds with 50 Hrs of playtime, Quad Mic with E...",899,3.9
"Mivi DuoPods i7 TWS,3D Soundstage,High-fidelity Driver,...",999,4.1
"Noise Buds Verve 2 with 50Hr Playtime, ENC, Quad Mic & ...",1299,4.2
"truke BTG1 Earbuds with Game Mode, 48H Playtime, Quad M...",749,4.0
boAt Nirvana Ion with 120 Hours Playback & Crystal Bion...,1398,4.1
"Mivi DuoPods i7 TWS,3D Soundstage,High-fidelity Driver,...",999,4.1
"Mivi DuoPods i5 TWS,Metallic Finish,13mm Bass,50H Playt...",899,4.1
"Mivi DuoPods i6 TWS, Engineered for Athletes, IPX 4.0,1...",699,4.3
boAt Airdopes 131 with upto 60 hours and ASAP Charge Bl...,699,4.0
boAt Immortal Airspeed Pro w/ Active Noise Cancellation...,1399,4.2
"TECHFIRE Bullets 360 TWS Earbuds with 100 HRS Playtime,...",699,3.8
"Boult Z40 Pro with 100H Battery, Quad Mic ENC, Scratch ...",1199,4.1
"boAt Nirvana ION ANC Pro w/ Hi-Res Audio with LDAC, ANC...",2299,4.2
"Mivi DuoPods K2 TWS,AI-ENC,40Hr Playtime,13mm Bass,Made...",599,3.9
"Boult Z40 Pro with 100H Battery, Quad Mic ENC, Scratch ...",1199,4.1
"Boult Z60 with 60Hr Battery, Quad Mic ENC, 50ms Ultra L...",999,4.0
"Mivi DuoPods K5 TWS Earbuds Metallic Finish, HD calling...",799,3.9
"Boult Astra with Quad Mic ENC, 48Hrs Battery, Low Laten...",1099,4.1
"TRIGGR Ultrabuds N1 Neo with ENC, 40Hr Playback, 13mm D...",599,4.1
"moto buds with Hi-Res Audio, Large 12.4mm driver, 42 hr...",1999,4.0
"Noise Buds VS404 with 50 Hours Playtime, ENC with Quad ...",899,3.9
"Number Super Buds Pro GT99 Dual Pair, 4 Mic ENC Gaming ...",799,4.0
"Mivi SuperPods Opera earbuds [Flagship Launch], Hi-res ...",1499,4.8
"Mivi DuoPods i6 TWS, Engineered for Athletes, IPX 4.0,1...",699,4.3
"Boult W20 with Zen ENC Mic, 35H Battery Life, Low Laten...",799,4.1
boAt Airdopes 383 Bluetooth,1399,3.9
"Boult Z40 Gaming with 60H Battery, App Support, Dual Pa...",1199,4.1
"TRIGGR Kraken X1 with Battery Display, 40ms Latency, Qu...",799,4.0
"truke Buds Q1 Lite with Quad-Mic ENC, 48H Playtime, Roy...",599,4.0
"boAt Nirvana Ivy w/ 360 Spatial Audio, Dynamic Head Tra...",2999,4.2
"HOPPUP Predator Xo1 Gaming Earbuds with 50H Playtime,13...",699,4.1
"Noise Pure Pods with AirWave technology, 80 Hours Playt...",2499,3.8
"JBL Vibe Beam TWS, 32Hr Playtime, IP54, Smart Ambient &...",2299,3.8
"Boult Y1 with Zen ENC Mic, 50H Battery, Fast Charging, ...",799,4.0
"Boult Astra with Quad Mic ENC, 48Hrs Battery, Low Laten...",1099,4.1
"Mivi DuoPods K2 TWS,AI-ENC,40Hr Playtime,13mm Bass,Made...",699,3.9
"Boult Airbass Z35 with ZEN ENC Mic, 32H Playtime, 45ms ...",799,3.9
"Mivi SuperPods Opera earbuds [Flagship Launch], Hi-res ...",1499,4.8
"Boult Z40 Pro with 100H Battery, Quad Mic ENC, Scratch ...",1199,4.1
"Bose SPORT EARBUDS,WW Bluetooth",9990,4.1
"truke Buds Q1 Lite with Quad-Mic ENC, 48H Playtime, Roy...",699,4.0
"truke Clarity 5 V2 6Mics Adv.ENC & Dual Connectivity, 8...",899,4.0
"truke Buds Liberty OWS with 360SpatialAudio, 60H Playti...",1499,4.1
"truke BTG1 Earbuds with Game Mode, 48H Playtime, Quad M...",749,4.0
boAt Nirvana Ion with 120 Hours Playback & Crystal Bion...,1398,4.1
HOPPUP Predator Xo4 Gaming Earbuds with 35MS Low Latenc...,799,4.1
"TRIGGR Apex S1 with Dual Pairing, 100H Battery, Quad Mi...",799,4.0
"Mivi DuoPods i6 TWS, Engineered for Athletes, IPX 4.0,1...",699,4.3
boAt Airdopes 131 with upto 60 hours and ASAP Charge Bl...,699,4.0
"Mivi DuoPods i5 TWS,Metallic Finish,13mm Bass,50H Playt...",899,4.1
"boAt Airdopes Supreme w/ 4 Mics AI ENx Tech, 50 HRS Pla...",1199,4.1
"JBL Vibe Beam TWS, 32Hr Playtime, IP54, Smart Ambient &...",2299,3.8
LG TONE Free HBS-FN4 with British Meridian Sound & Nois...,2499,3.7
"Boult Z40 Pro with 100H Battery, Quad Mic ENC, Scratch ...",1199,4.1
"Boult Astra with Quad Mic ENC, 48Hrs Battery, Low Laten...",1099,4.1
"truke Buds F1 Ultra with 60 Hours Playtime, Spatial Aud...",799,4.0
"Boult Z60 with 60Hr Battery, Quad Mic ENC, 50ms Ultra L...",999,4.0
"TRIGGR Ultrabuds N1 Neo with ENC, 40Hr Playback, 13mm D...",599,4.1
"Mivi DuoPods i6 TWS, Engineered for Athletes, IPX 4.0,1...",699,4.3
"Microflash Air Buds Pro E35 50Hrs Battery Life, High Ba...",599,4.0
"Mivi DuoPods i5 TWS,Metallic Finish,13mm Bass,50H Playt...",899,4.1
"Bose QUIETCOMFORT EARBUDS,WW Bluetooth",15990,4.1
"Mivi DuoPods K2 TWS,AI-ENC,40Hr Playtime,13mm Bass,Made...",699,3.9
"Boult W20 with Zen ENC Mic, 35H Battery Life, Low Laten...",799,4.1
"TRIGGR Kraken X1 with Battery Display, 40ms Latency, Qu...",799,4.0
"SONY WF-C700N Lightest TWS NC 20Hr battery, In-Ear, 10 ...",6990,4.1
"Noise Pop buds with 50 Hrs of playtime, Quad Mic with E...",899,3.9
"truke Buds Q1 Lite with Quad-Mic ENC, 48H Playtime, Roy...",599,4.0
"Boult W20 with Zen ENC Mic, 35H Battery Life, Low Laten...",799,4.1
"moto buds with Hi-Res Audio, Large 12.4mm driver, 42 hr...",1999,4.0
"truke Buds Q1 with 30H Playtime, Quad Mic ENC, Game Mod...",999,4.0
"Noise Buds VS102 Pro with ANC (25dB), 70 Hours Playtime...",1299,3.8
"boAt Airdopes 191G w/ Dual Drivers, 30 HRS Playback, Qu...",999,4.0
"Boult Y1 with Zen ENC Mic, 50H Battery, Fast Charging, ...",799,4.0
"Boult Astra with Quad Mic ENC, 48Hrs Battery, Low Laten...",1099,4.1
"TRIGGR Apex S2 with Dual Pairing, 60H Battery, Quad Mic...",999,4.0
"Mivi SuperPods Opera ANC earbuds [Flagship Launch], Hi-...",1999,4.8
"Mivi SuperPods Opera earbuds [Flagship Launch], Hi-res ...",1499,4.8
"Boult Z40 Pro with 100H Battery, Quad Mic ENC, Scratch ...",1199,4.1
"Mivi DuoPods D3 TWS,13mm Driver,Rich Bass,50H Playtime,...",699,3.8
"truke Buds S2 Lite with Quad-Mic ENC, 48H Playtime, Mad...",699,3.9
"Nu Republic Epic X3 with Upto 48 hrs Playtime, X-BassÂ® ...",799,4.1
OnePlus Buds Z2 with Active Noise cancellation Bluetoot...,3999,4.2
"truke BTG1 Earbuds with Game Mode, 48H Playtime, Quad M...",749,4.0
"TRIGGR Apex S1 with Dual Pairing, 100H Battery, Quad Mi...",799,4.0
"Number Super Buds GT M9 Gaming TWS Earbuds, 60Hr Playba...",1099,3.9
"boAt Airdopes 800 w/ Dolby Audio, 4 Mics AI-ENx Tech, T...",1499,4.1
"Mivi DuoPods i6 TWS, Engineered for Athletes, IPX 4.0,1...",699,4.3
boAt Airdopes 131 with upto 60 hours and ASAP Charge Bl...,699,4.0
"truke Clarity 2 V2 6Mics Adv.ENC, 68H Battery,13mm Driv...",799,4.0
"Noise Buds Combat Z with 50 Hours Playtime, Ultra-low L...",999,3.9
"Number SuperBuds 555 with Dual Pair, 66H Battery, 32dB ...",1299,4.5
HOPPUP Predator Xo3 Gaming Earbuds with 35MS Low Latenc...,799,3.9
"Boult Z40 Pro with 100H Battery, Quad Mic ENC, Scratch ...",1199,4.1
"Boult Astra with Quad Mic ENC, 48Hrs Battery, Low Laten...",1099,4.1
OnePlus Buds Z2 Bluetooth Gaming,3977,4.2
"truke BTG Flex buds with Dual Pairing, 60Hrs Battery, H...",999,4.4
"TRIGGR Ultrabuds N1 Neo with ENC, 40Hr Playback, 13mm D...",599,4.1
"Mivi DuoPods i6 TWS, Engineered for Athletes, IPX 4.0,1...",699,4.3
"Mivi DuoPods i2 TWS,13mm Bass,45H Playtime,Dual Mic AI ...",699,4.0
"TRIGGR Kraken X4 with 13mm Drivers, 40ms Latency, ENC, ...",799,4.2
boAt Airdopes 161 ANC w/ Active Noise Cancellation(32dB...,1199,3.8
"Mivi DuoPods K5 TWS Earbuds Metallic Finish, HD calling...",799,3.9
"Boult W20 with Zen ENC Mic, 35H Battery Life, Low Laten...",799,4.1
"TRIGGR Kraken X1 with Battery Display, 40ms Latency, Qu...",799,4.0
"CMF by Nothing Buds Pro with 45 dB ANC, Ultra Bass Tech...",2499,4.1
OnePlus Nord Buds 3 with up to 32dB ANC Bluetooth,2299,4.4
"truke Buds Q1 Lite with Quad-Mic ENC, 48H Playtime, Roy...",599,4.0
"Boult W20 with Zen ENC Mic, 35H Battery Life, Low Laten...",799,4.1
"boAt Airdopes 300 w/ 4-Mics ENx Technology,Multipoint C...",1199,3.9
"REDMI Buds 5C Earbuds, 40dB Hybrid ANC TWS, 4 Mic, 5 EQ...",1599,4.2
"Mivi DuoPods K2 TWS,AI-ENC,40Hr Playtime,13mm Bass,Made...",699,3.9
"truke Earbuds A1 with Quad Mic ANC upto 32db, 48Hrs bat...",699,3.7
"Boult Y1 with Zen ENC Mic, 50H Battery, Fast Charging, ...",799,4.0
"Boult Astra with Quad Mic ENC, 48Hrs Battery, Low Laten...",1099,4.1
"truke BTG NEO Gaming Earbuds with 6Mic ENC, Dual Connec...",899,3.9
"Mivi Commando X9 Earbuds, Dual RGB Lights, 35ms Low Lat...",999,3.8
"Mivi SuperPods Opera earbuds [Flagship Launch], Hi-res ...",1499,4.8
"Boult Z40 Pro with 100H Battery, Quad Mic ENC, Scratch ...",1199,4.1
"Mivi SuperPods Halo [Flagship Launch], ANC with 3D Soun...",1499,4.5
"Mivi DuoPods i3 TWS,13mm Bass,45+H Playtime,AI ENC,Low ...",799,4.0
"JBL Live Beam 3, Hi-Res LDAC Audio ANC TWS, SmartCase,4...",12999,4.2
"Mivi DuoPods i3 TWS,13mm Bass,45+H Playtime,AI ENC,Low ...",799,4.0
"truke BTG1 Earbuds with Game Mode, 48H Playtime, Quad M...",749,4.0
"TRIGGR Apex S1 with Dual Pairing, 100H Battery, Quad Mi...",799,4.0
"Boult X45 with Quad Mic ENC, 40H Playtime, 45ms Ultra L...",799,3.9
"Highnotes AirDoze TypeC BT 5.2, 65msLowLatency TouchEna...",645,3.7
"POCO Pods with 30 Hour Playback, 12mm Drivers, 60ms Lat...",999,3.7
"HOPPUP Xo6 Gaming Earbuds with 35MS Low Latency, RGB LE...",799,3.9
"Number Super Buds Pro GT99 Dual Pair, 4 Mic ENC Gaming ...",799,4.0
Nothing Ear (2) 2023 | Dual chamber sound | Hi-res audi...,7999,4.3
HOPPUP Predator Xo4 Gaming Earbuds with 35MS Low Latenc...,799,4.1
"truke Buds Vibe with 35dB ANC, 4Mic ENC, 13mm Speaker, ...",999,4.0
"TECHFIRE Bullets 271 TWS Earbuds with 100 HRS Playtime,...",699,3.7
"Noise Buds VS204 with 50 Hours Playtime, Instacharge, E...",799,3.8
OnePlus Buds Pro 3 - Lunar Rediance Bluetooth,10990,4.6
"TRIGGR Kraken X1 Plus with Dual Pairing, Battery Displa...",999,4.8
"truke BTG Beta with 13mm Titanium Drivers, 38H Playtime...",599,3.6
"Mivi DuoPods K6 TWS,Rich Bass,50H Playtime,AI ENC,Low L...",799,4.0
"Number Super Buds 999 40dB ANC Gaming TWS Earbuds,4 Mic...",999,3.8
OnePlus Buds Pro 2 Bluetooth,7999,4.4
"truke Buds Q1 Lite with Quad-Mic ENC, 48H Playtime, Roy...",699,4.0
"Mivi DuoPods K5 TWS Earbuds Metallic Finish, HD calling...",799,3.9
"Boult X50 with 40Hr Battery, Quad Mic ENC, 45ms Ultra L...",899,3.9
Nothing Ear (stick) Bluetooth,3999,3.8
"Noise Pure Pods with AirWave technology, 80 Hours Playt...",2499,3.8
"Noise Buds Combat with 45 Hours Playtime, Ultra-low Lat...",1299,3.8
"TECHFIRE Bullets 201 Tws Earbuds (40ms Low Latency),RGB...",699,3.6
"Noise Buds Verve 2 with 50Hr Playtime, ENC, Quad Mic & ...",1299,4.2
"Boult Omega with 30dB ANC, Quad Mic ENC, 45ms Latency G...",1299,3.9
"truke Clarity 5 V2 6Mics Adv.ENC & Dual Connectivity, 8...",899,4.0
Portronics Harmonics Twins S3 Smart TWS Bluetooth Earbu...,749,4.0
"Noise Buds MVP102 with Dual Pairing, 60 Hours Playtime,...",1099,4.0
HOPPUP GRAND With Power Bank Function & Upto 75 Hours P...,599,3.9
"ORAIMO FreePods Pro TWS Earbuds with ANC ,43Hrs Playtim...",2799,4.0
"Noise Air Buds Pro 4 with 40dB Hybrid ANC, 50Hr Playtim...",1799,4.1
"Mivi DuoPods F70 ENC with Quad Mic, 50+ Hrs Playtime| M...",899,3.9
"Mivi SuperPods Halo [Flagship Launch], ANC with 3D Soun...",1499,4.5
Nu Republic Transform-X upto 60hrs Playtime with 13mm N...,1799,4.6
"Noise Buds VS401 with 50 Hrs Playtime, Quad Mic with EN...",1199,4.0
"truke BTG Storm Earbuds with 40ms Low Latency, 50H Play...",799,4.0
"JBL Tune Buds Active Noise Cancellation, 48H playtime,S...",4499,4.0
"Boult X50 with 40Hr Battery, Quad Mic ENC, 45ms Ultra L...",899,3.9
"JBL Vibe Beam TWS, 32Hr Playtime, IP54, Smart Ambient &...",2299,3.8
"boAt Airdopes Flex 454 w/32dB ANC, Multi Point Connecti...",1398,3.9
"Mivi SuperPods Immersio earbuds [Flagship Launch], Dolb...",2199,3.7
"JBL Live Beam 3, Hi-Res LDAC Audio ANC TWS, SmartCase,4...",12999,4.2
"Mivi DuoPods i6 TWS, Engineered for Athletes, IPX 4.0,1...",699,4.3
boAt Airdopes 161/163 with ASAP Charge & 40 HRS Playbac...,799,4.0
"JBL Live Beam 3, Hi-Res LDAC Audio ANC TWS, SmartCase,4...",12999,4.2
Tunifi Classic LB A520 Earbuds/TWs/buds 5.1 Earbuds wit...,700,3.7
Aroma NB126 King Kong Upto 60 Hours Playtime TypeC Fast...,599,3.7
"Boult Curve Buds Pro with 100Hrs Battery, 4 Mic ENC, Lo...",999,3.6
boAt Airdopes 131 with upto 60 hours and ASAP Charge Bl...,699,4.0
"Boult Z40 Pro with 100H Battery, Quad Mic ENC, Scratch ...",1199,4.1
"JBL Vibe Beam TWS, 32Hr Playtime, IP54, Smart Ambient &...",2299,3.8
"Noise Buds MVP102 with Dual Pairing, 60 Hours Playtime,...",1099,4.0
"Boult Astra with Quad Mic ENC, 48Hrs Battery, Low Laten...",1099,4.1
"TRIGGR Ultrabuds N1 Neo with ENC, 40Hr Playback, 13mm D...",599,4.1
"Number Super Buds GT M9 Gaming TWS Earbuds, 60Hr Playba...",1099,3.9
"Mivi Commando X7,35ms Low Latency,13mm Bass,50H Playtim...",799,3.9
"Mivi DuoPods F70 ENC with Quad Mic, 50+ Hrs Playtime| M...",899,3.9
"Earboss AirDoze Music with Game Mode(45ms), Quad Mic EN...",619,3.8
"Mivi DuoPods i6 TWS, Engineered for Athletes, IPX 4.0,1...",699,4.3
"Boult W20 with Zen ENC Mic, 35H Battery Life, Low Laten...",799,4.1
"Noise Buds VS401 with 50 Hrs Playtime, Quad Mic with EN...",1199,4.0
"JBL Live Pro 2, Active Adaptive Noise Cancellation, 40H...",6999,4.3
"TRIGGR Kraken X1 with Battery Display, 40ms Latency, Qu...",799,4.0
"truke Buds Q1 Lite with Quad-Mic ENC, 48H Playtime, Roy...",599,4.0
"Number SuperBuds 555 with Dual Pair, 66H Battery, 32dB ...",1299,4.5
"Skullcandy Rail TWS Wireless Earbuds, 42 Hr Battery, Sk...",5499,3.6
"realme Buds Air 5 Pro with 50dB ANC, 360 Spatial Audio ...",4999,4.4
Soundcore by Anker Liberty Air 2 Pro With Active Noise ...,2999,4.1
"Boult W20 with Zen ENC Mic, 35H Battery Life, Low Laten...",799,4.1
"Boult Y1 with Zen ENC Mic, 50H Battery, Fast Charging, ...",799,4.0
OPPO Enco Air 2 Pro Bluetooth,2499,4.3
Google Pixel Buds Pro 2 Bluetooth,22900,5.0
boAt Airdopes 161/163 with ASAP Charge & 40 HRS Playbac...,799,4.0
"Boult Astra with Quad Mic ENC, 48Hrs Battery, Low Laten...",1099,4.1
"boAt Airdopes 191G w/ Dual Drivers, 30 HRS Playback, Qu...",999,4.0
"HOPPUP AirDoze Rebellion Earbuds with 4 Mic ENC, 13MM D...",799,4.0
"truke Buds Freedom OWS with QuadMic PureVoice ENC, 60H ...",1499,3.9
"boAt Airdopes 311 Pro w/ 50 HRS Playback, ASAP Charge &...",1099,3.9
"Mivi SuperPods Opera earbuds [Flagship Launch], Hi-res ...",1499,4.8
"Boult Z40 Pro with 100H Battery, Quad Mic ENC, Scratch ...",1199,4.1
"boAt Airdopes 118 WROGN Edition w/ 50 HRS Playback, Qua...",1299,3.6
boAt Airdopes 131 Captain America Edition with 60 Hours...,999,4.0
"Mivi DuoPods i6 TWS, Engineered for Athletes, IPX 4.0,1...",699,4.3
boAt Airdopes 161/163 with ASAP Charge & 40 HRS Playbac...,799,4.0
"truke Yoga Beat Open-Ear Headset with 30H Playtime, Dua...",799,3.8
"JBL Tune Buds Active Noise Cancellation, 48H playtime,S...",4499,4.0
"TECHFIRE Bullets Max TWS Earbuds with 100 HRS Playtime,...",699,3.6
"HOPPUP AirDoze S40 Earbuds with 13MM Drivers, 40H Playt...",699,4.0
boAt Airdopes 131 with upto 60 hours and ASAP Charge Bl...,699,4.0
"Boult Z40 Pro with 100H Battery, Quad Mic ENC, Scratch ...",1199,4.1
"SONY New WF-C510 TWS Light Weight, Compact In-Ear Earbu...",4990,4.3
"Noise Buds VS401 with 50 Hrs Playtime, Quad Mic with EN...",1199,4.0
"TRIGGR Ultrabuds N1 Neo with ENC, 40Hr Playback, 13mm D...",599,4.1
"Boult Astra with Quad Mic ENC, 48Hrs Battery, Low Laten...",1099,4.1
"boAt Airdopes 131 PRO with 11mm Drivers,45Hrs Playback,...",999,3.9
"Mivi DuoPods i2 TWS,13mm Bass,45H Playtime,Dual Mic AI ...",699,4.0
"TRIGGR Kraken X2 Quad Mic ENC, 40 Hr Battery, Rapid Pai...",1099,4.0
"HOPPUP AirDoze Z51 with 4 Mic ENC, 13MM Drivers, 50H Pl...",799,4.1
"Mivi DuoPods i6 TWS, Engineered for Athletes, IPX 4.0,1...",699,4.3
"Boult W20 with Zen ENC Mic, 35H Battery Life, Low Laten...",799,4.1
SONY WF-C500 IPX4/20Hrs Battery Life Bluetooth,4448,4.1
boAt Airdopes 131 Captain America Edition with 60 Hours...,999,4.0
"truke Buds Q1 Lite with Quad-Mic ENC, 48H Playtime, Roy...",599,4.0
"TRIGGR Kraken X1 with Battery Display, 40ms Latency, Qu...",799,4.0
"ORAIMO FreePods 3C,Quad ENC Mic, 36Hr Playtime,13mm Dri...",1099,4.0
"SONY WF-1000XM5 Best Noise Cancelling TWS Earbuds,Multi...",20990,4.2
"Mivi Commando Z7,13mm Drivers Bass,50H Playtime,Dual Mi...",799,3.7
Apple AirPods (3rd generation) Bluetooth,19600,4.3
"Boult W20 with Zen ENC Mic, 35H Battery Life, Low Laten...",799,4.1
"Boult Y1 with Zen ENC Mic, 50H Battery, Fast Charging, ...",799,4.0
"TRIGGR Ergobuds 1 OWS with FocalWave Tech, 48Hr Battery...",999,3.7
Blaupunkt BTW300 BK Bluetooth Gaming,1399,4.0
boAt Airdopes 161/163 with ASAP Charge & 40 HRS Playbac...,799,4.0
"Boult Astra with Quad Mic ENC, 48Hrs Battery, Low Laten...",1099,4.1
OnePlus E507A Bluetooth Gaming,7999,4.4
"truke Buds Freedom OWS with QuadMic PureVoice ENC, 60H ...",1499,3.9
HOPPUP Predator Xo3 Gaming Earbuds with 35MS Low Latenc...,799,3.9
"Noise Air Buds Pro 4 with 40dB Hybrid ANC, 50Hr Playtim...",1799,4.1
"Mivi SuperPods Opera earbuds [Flagship Launch], Hi-res ...",1499,4.8
"Boult Z40 Pro with 100H Battery, Quad Mic ENC, Scratch ...",1199,4.1
"JBL Tune Beam Active Noise Cancellation, 48H playtime,S...",4499,3.8
"Mivi DuoPods K4 TWS,Rich Bass,50H Playtime,AI ENC,Low L...",699,3.7
"Mivi DuoPods i6 TWS, Engineered for Athletes, IPX 4.0,1...",699,4.3
boAt Airdopes 131 with upto 60 hours and ASAP Charge Bl...,699,4.0
SNOKOR (by Infinix) iRocker Gods XE16 Bluetooth Gaming,599,3.8
"HOPPUP AirDoze Grand Pro with Power Bank Function, 200 ...",899,3.9
SAMSUNG Galaxy Buds2 Pro SM-R510NZAAINU/SM-R510NZAAINS ...,10249,4.5
"TRIGGR Ultrabuds N1 with ENC, 40H Battery, Trucomm Call...",799,3.9
"Mivi DuoPods K2 TWS,AI-ENC,40Hr Playtime,13mm Bass,Made...",599,3.9
"Boult Z40 Pro with 100H Battery, Quad Mic ENC, Scratch ...",1199,4.1
"Skullcandy Rail TWS Earbuds, 42 Hr Battery, Skull-iQ, A...",5499,3.6
"Mivi Commando X9 Earbuds, Dual RGB Lights, 35ms Low Lat...",1999,3.8
"TRIGGR Ultrabuds N1 Neo with ENC, 40Hr Playback, 13mm D...",599,4.1
"Boult Astra with Quad Mic ENC, 48Hrs Battery, Low Laten...",1099,4.1
"ORAIMO FreePods 3C,Quad ENC Mic, 36Hr Playtime,13mm Dri...",1299,4.0
"Noise Buds Combat Z with 50 Hours Playtime, Ultra-low L...",999,3.9
Earbot Wireless Earbuds Bluetooth,599,3.6
"Earboss Music Air-Doze with Game Mode(45ms), Quad Mic E...",628,3.7
"Mivi DuoPods i6 TWS, Engineered for Athletes, IPX 4.0,1...",699,4.3
"Boult W20 with Zen ENC Mic, 35H Battery Life, Low Laten...",799,4.1
"ONYZE ON901-ARMOR Gaming Earbuds,50HPlaytime,Made in IN...",999,3.9
"truke Buds Q1+ with 80H Playtime, Quad Mic Adv.ENC, 12m...",799,3.8
"truke Buds Q1 Lite with Quad-Mic ENC, 48H Playtime, Roy...",599,4.0
"TRIGGR Kraken X1 with Battery Display, 40ms Latency, Qu...",799,4.0
"Noise Air Buds Pro 4 with 40dB Hybrid ANC, 50Hr Playtim...",1799,4.1
"boAt Airdopes 200 Plus with 100 HRS Playback, Quad Mics...",1199,3.8
"Mivi DuoPods i3 TWS,13mm Bass,45+H Playtime,AI ENC,Low ...",799,4.0
WINGS Flobuds 400 Made In India High Fidelity Smart ENC...,999,3.7
"Boult Y1 with Zen ENC Mic, 50H Battery, Fast Charging, ...",799,4.0
"Boult Astra with Quad Mic ENC, 48Hrs Battery, Low Laten...",1099,4.1
"SONY WF-LS900N Battery Life: 20hours, Noise Cancellatio...",12900,4.1
"Boult Maverick with 4 Mic ENC, 35Hrs Battery, Low Laten...",898,3.9
"Mivi SuperPods Opera earbuds [Flagship Launch], Hi-res ...",1499,4.8
"Boult Z40 Pro with 100H Battery, Quad Mic ENC, Scratch ...",1199,4.1
"BeastBass Airdoze Quad Mic Auto ENC, 100Hr Backup, Low ...",599,4.5
Soundcore by Anker Spirit Dot 2 Bluetooth,1999,3.7
"JBL Live Beam 3, Hi-Res LDAC Audio ANC TWS, SmartCase,4...",12999,4.2
Mivi DuoPods F40 with 50 Hrs Playtime I13mm Drivers|Mad...,1199,3.7
"truke BTG1 Earbuds with Game Mode, 48H Playtime, Quad M...",749,4.0
boAt Nirvana Ion with 120 Hours Playback & Crystal Bion...,1398,4.1
Hammer Screen TWS with ANC + ENC Bluetooth,2100,3.7
"TRIGGR Kraken X1 Plus with Dual Pairing, Battery Displa...",999,4.8
"Mivi DuoPods i6 TWS, Engineered for Athletes, IPX 4.0,1...",699,4.3
boAt Airdopes 131 with upto 60 hours and ASAP Charge Bl...,699,4.0
Onikuma T9 Scorpion - Mortal Kombat TWS Bluetooth Gamin...,899,3.8
"Nu Republic Epic ANC with 64 hrs Playtime, X-Bass Techn...",1799,4.1
"ORAIMO Riff 2 TWS Earbuds with ENC Quad Mic,30Hr Playti...",1299,3.7
Soundcore by Anker Life Dot 2 ANC With Multi Mode Hybri...,7999,4.3
"Mivi DuoPods K2 TWS,AI-ENC,40Hr Playtime,13mm Bass,Made...",599,3.9
"Boult Z40 Pro with 100H Battery, Quad Mic ENC, Scratch ...",1199,4.1
"NOPE Nuclear B1 TWS Earbuds 40Hrs Playtime, BT 5.1, 13 ...",649,3.7
wazny YO-TWS In-Ear Earbuds Wireless Earphones Stereo B...,716,3.6
"Boult Astra with Quad Mic ENC, 48Hrs Battery, Low Laten...",1099,4.1
"TRIGGR Ultrabuds N1 Neo with ENC, 40Hr Playback, 13mm D...",599,4.1
"Mivi DuoPods F70 ENC with Quad Mic, 50+ Hrs Playtime| M...",1499,3.9
"truke Buds Q1 Lite with Quad-Mic ENC, 48H Playtime, Roy...",699,4.0
"Infinix XE 27 with Hybrid ANC, 4-Mic ENC, Voice Through...",1699,4.7
OPPO Enco Air 2 Pro Bluetooth,2499,4.3
"Mivi DuoPods i6 TWS, Engineered for Athletes, IPX 4.0,1...",699,4.3
"Boult W20 with Zen ENC Mic, 35H Battery Life, Low Laten...",799,4.1
WINGS Phantom 500 with ENC and 40 ms latency game mode ...,799,4.0
Aroma NB126 King Kong Upto 60 Hours Playtime TypeC Fast...,599,3.7
"TRIGGR Kraken X1 with Battery Display, 40ms Latency, Qu...",799,4.0
"truke Buds Q1 Lite with Quad-Mic ENC, 48H Playtime, Roy...",599,4.0
DIGIBUDS N21 Airypod/Neckband/Earbuds/TWs/buds 5.3 Earb...,799,3.7
LG TONE Free HBS-FN4 with British Meridian Sound & Nois...,8990,3.7
HRX X-Drops 9G with Quick Touch Technology Bluetooth Ga...,2599,3.8
boAt Airdopes 138 Bluetooth,999,3.7
"Boult Y1 with Zen ENC Mic, 50H Battery, Fast Charging, ...",799,4.0
"Boult Astra with Quad Mic ENC, 48Hrs Battery, Low Laten...",1099,4.1
Soundcore by Anker Life Note True Wireless Bluetooth,2999,4.0
"HOPPUP AirDoze Q505 Earbuds with Quad Mic ENC, 50H Play...",899,3.7
"Mivi SuperPods Opera earbuds [Flagship Launch], Hi-res ...",1499,4.8
"Boult Z40 Pro with 100H Battery, Quad Mic ENC, Scratch ...",1199,4.1
Aroma NB126 King Kong Upto 60 Hours Playtime TypeC Fast...,599,3.7
"Boult X45 with Quad Mic ENC, 40H Playtime, 45ms Ultra L...",799,3.9
"FUR JADEN AirJams 13mm HD Dynamic Driver, Thumping Bass...",788,3.9
"PTron Basspods P251+, 50Hrs Playback, 12mm Driver, ENC,...",999,3.7
"truke BTG1 Earbuds with Game Mode, 48H Playtime, Quad M...",749,4.0
boAt Nirvana Ion with 120 Hours Playback & Crystal Bion...,1398,4.1
Rover25 bluetooth neckband50 hours music time with touc...,845,3.8
"IZWI X41 Earbuds 13mm HD Dynamic Driver, Touch Controls...",807,4.0
"Mivi DuoPods i6 TWS, Engineered for Athletes, IPX 4.0,1...",699,4.3
boAt Airdopes 161/163 with ASAP Charge & 40 HRS Playbac...,799,4.0
"Mivi DuoPods i5 TWS,Metallic Finish,13mm Bass,50H Playt...",1499,4.1
"Fire-Boltt Fire Pods Ninja Pro 403 Earbuds TWS, ENC & G...",1299,4.0
OXILAG BOOM Display Earbuds Touchscreen with Advance fe...,1429,3.8
"truke Air Buds with Quad Mic ENC & 20 EQ modes, 10mm Dr...",799,3.8
boAt Airdopes 131 with upto 60 hours and ASAP Charge Bl...,699,4.0
"Boult Z40 Pro with 100H Battery, Quad Mic ENC, Scratch ...",1199,4.1
"Noise Buds Verve 2 with 50Hr Playtime, ENC, Quad Mic & ...",1299,4.2
"ORAIMO FreePods Lite Earbuds with 40Hr Playtime,Custom ...",999,3.8
"Boult Astra with Quad Mic ENC, 48Hrs Battery, Low Laten...",1099,4.1
"TRIGGR Ultrabuds N1 Neo with ENC, 40Hr Playback, 13mm D...",599,4.1
"Tunifi A520 Earbuds 13mm HD Dynamic Driver, Touch Contr...",700,3.6
"NOPE SONIC X1 TWS 50 Hrs Playtime, Ultra Low Latency 35...",699,3.6
Fire-Boltt Fire Pods Atlas ANC ENC Earbuds TWS Transpar...,2799,3.8
"SONY New WF-C510 TWS Light Weight, Compact In-Ear Earbu...",4990,4.3
"Mivi DuoPods i6 TWS, Engineered for Athletes, IPX 4.0,1...",699,4.3
"Boult W20 with Zen ENC Mic, 35H Battery Life, Low Laten...",799,4.1
"NOPE SONIC X1 TWS 50 Hrs Playtime, Ultra Low Latency 35...",699,3.6
"HOPPUP AirDoze F50 Earbuds with 40H PlayTime, 40MS Low ...",699,3.9
"TRIGGR Kraken X1 with Battery Display, 40ms Latency, Qu...",799,4.0
"truke Buds Q1 Lite with Quad-Mic ENC, 48H Playtime, Roy...",599,4.0
Fire-Boltt Fire Pods Ninja G201 Earbuds TWS IWP HD Call...,1199,4.0
"boAt Airdopes 131 PRO with 11mm Drivers,45Hrs Playback,...",999,3.9
"NOPE NUCLEAR 102 TWS 45 Hrs Playtime, Fast Charge, Dual...",599,3.7
"Microflash L95, ENC Upto 50hrs Playtime, High Bass, Cle...",617,3.9
"Boult W20 with Zen ENC Mic, 35H Battery Life, Low Laten...",799,4.1
"Boult Y1 with Zen ENC Mic, 50H Battery, Fast Charging, ...",799,4.0
"TECHFIRE Bullets Max TWS Earbuds with 100 HRS Playtime,...",699,3.6
"NOPE Nuclear Beast Buds 40Hrs Playtime, (40ms Low Laten...",599,3.8
boAt Airdopes 161/163 with ASAP Charge & 40 HRS Playbac...,799,4.0
"Boult Astra with Quad Mic ENC, 48Hrs Battery, Low Laten...",1099,4.1
"truke Airbuds Lite with Quad Mic ENC, 48Hrs Battery, Ga...",699,3.9
"boAt Airdopes Atom 83 with 50Hrs Playback, Quad Mics EN...",1299,3.8
"Portronics Harmonics Twins S6 Smart TWS Earbuds,50Hrs P...",1065,3.5
SENS HENDRIK 1 TWS Graphene Composite Drivers Bluetooth,1599,3.8
"Mivi SuperPods Opera earbuds [Flagship Launch], Hi-res ...",1499,4.8
"Boult Z40 Pro with 100H Battery, Quad Mic ENC, Scratch ...",1199,4.1
"Infinix XE 27 with Hybrid ANC, 4-Mic ENC, Voice Through...",1699,4.7
Hammer Aero Max ENC + ANC earbuds TWS with Clear Callin...,1399,3.8
"Mivi DuoPods i6 TWS, Engineered for Athletes, IPX 4.0,1...",699,4.3
boAt Airdopes 131 with upto 60 hours and ASAP Charge Bl...,699,4.0
"boAt Airdopes 200 Plus with 100 HRS Playback, Quad Mics...",1199,3.8
"Fire-Boltt Pods Polaris ANC ENC Earbuds TWS, about 5H p...",2082,3.7
"HOPPUP AirDoze F50 Earbuds with 40H PlayTime, 40MS Low ...",699,3.9
"Noise Buds Combat with 45 Hours Playtime, Ultra-low Lat...",1299,3.8
"Mivi DuoPods K2 TWS,AI-ENC,40Hr Playtime,13mm Bass,Made...",599,3.9
"Boult Z40 Pro with 100H Battery, Quad Mic ENC, Scratch ...",1199,4.1
"boAt Airdopes Progear w/ Air Conduction Tech,100 HRS Pl...",1999,3.9
"Noise Combat X, Spatial Audio, 60 Hours of Playtime, Lo...",1599,3.8
"Boult Astra with Quad Mic ENC, 48Hrs Battery, Low Laten...",1099,4.1
"TRIGGR Ultrabuds N1 Neo with ENC, 40Hr Playback, 13mm D...",599,4.1
"Noise Combat X, Spatial Audio, 60 Hours of Playtime, Lo...",1599,3.8
"Number Super Buds 111, AI ENC Gaming TWS Earbuds, Low L...",699,4.6
"Fire-Boltt Fire Pods Lycan Earbuds TWS, ENC & Gaming, 4...",999,4.0
Fire-Boltt Fire Pods Atlas ANC ENC Earbuds TWS Transpar...,2799,3.8
"Mivi DuoPods i6 TWS, Engineered for Athletes, IPX 4.0,1...",699,4.3
"Boult W20 with Zen ENC Mic, 35H Battery Life, Low Laten...",799,4.1
Unix Wireless Buds Pro 2 with 40 hours Battery life & Q...,989,3.9
Onikuma T9 Raiden - Mortal Kombat TWS Bluetooth Gaming,899,3.8
"TRIGGR Kraken X1 with Battery Display, 40ms Latency, Qu...",799,4.0
"truke Buds Q1 Lite with Quad-Mic ENC, 48H Playtime, Roy...",599,4.0
"boAt Immortal 150 w/ Beast Mode(40ms Low Latency), 40 H...",999,3.9
"Boult Airbass Z35 with ZEN ENC Mic, 32H Playtime, 45ms ...",799,3.9
"beatXP Pulse XPods with 40H Playtime, Dual Mic AI ENC, ...",999,3.7
"Noise Buds Xero with adaptive ANC(50dB), Sound+TM algor...",3699,3.9
"Boult Y1 with Zen ENC Mic, 50H Battery, Fast Charging, ...",799,4.0
"Boult Astra with Quad Mic ENC, 48Hrs Battery, Low Laten...",1099,4.1
Google Pixel Buds A-Series with Google Assistant Blueto...,9999,4.3
Jlab Go Air Sport Bluetooth,1599,3.5
"Mivi SuperPods Opera earbuds [Flagship Launch], Hi-res ...",1499,4.8
"Boult Z40 Pro with 100H Battery, Quad Mic ENC, Scratch ...",1199,4.1
"truke BTG Beta with 13mm Titanium Drivers, 38H Playtime...",599,3.6
Bassflex Q31 Tws Wireless Gaming Earbuds 40MS Low Laten...,749,3.6
HOPPUP SYNC with Bluetooth 5.1 & Type C Fast Charging B...,699,3.9
"TECHFIRE Bullets 221 TWS Earbuds with 100 HRS Playtime,...",599,4.1
"truke BTG1 Earbuds with Game Mode, 48H Playtime, Quad M...",749,4.0
boAt Nirvana Ion with 120 Hours Playback & Crystal Bion...,1398,4.1
"JBL Tune Buds Active Noise Cancellation, 48H playtime,S...",4499,4.0
"NOPE Nuclear Beast Buds 40Hrs Playtime, (40ms Low Laten...",599,3.8
"Mivi DuoPods i6 TWS, Engineered for Athletes, IPX 4.0,1...",699,4.3
boAt Airdopes 161/163 with ASAP Charge & 40 HRS Playbac...,799,4.0
"HOPPUP AirDoze Z51 with 4 Mic ENC, 13MM Drivers, 50H Pl...",799,4.1
"TECHFIRE Bullets 261 TWS Earbuds with 100 HRS Playtime,...",599,4.4
Google Pixel Buds Pro 2 Bluetooth,22900,5.0
Fire-Boltt Fire Pods Atlas ANC ENC Earbuds TWS Transpar...,2799,3.8
boAt Airdopes 131 with upto 60 hours and ASAP Charge Bl...,699,4.0
"Mivi DuoPods K2 TWS,AI-ENC,40Hr Playtime,13mm Bass,Made...",599,3.9
Fire-Boltt Fire Pods Ninja G201 Earbuds TWS IWP HD Call...,1199,4.0
"Mivi DuoPods K4 TWS,Rich Bass,50H Playtime,AI ENC,Low L...",699,3.7
"TRIGGR Ultrabuds N1 Neo with ENC, 40Hr Playback, 13mm D...",599,4.1
"Mivi DuoPods i6 TWS, Engineered for Athletes, IPX 4.0,1...",699,4.3
Landmark LM BH132 PODCASE Bluetooth,1169,4.0
"Cellecor BroPods CB11 TWS With 45 Hrs, ENC, 13mm Driver...",799,4.1
"TRIGGR Apex S2 with Dual Pairing, 60H Battery, Quad Mic...",1199,4.0
Tunifi New Arrival N21 TWS LED With Flashlight 40H Play...,755,3.5
"Boult W20 with Zen ENC Mic, 35H Battery Life, Low Laten...",799,4.1
"TRIGGR Kraken X1 with Battery Display, 40ms Latency, Qu...",799,4.0
"Skullcandy Sesh Earbuds,10 Hr Battery with Microphone B...",4599,3.6
"TRIGGR Kraken X2 Quad Mic ENC, 40 Hr Battery, Rapid Pai...",1099,4.0
"truke Buds Q1 Lite with Quad-Mic ENC, 48H Playtime, Roy...",599,4.0
"Boult Y1 with Zen ENC Mic, 50H Battery, Fast Charging, ...",799,4.0
Sennheiser Momentum Sport Bluetooth,24990,5.0
"NOPE SPARK 101 TWS 50 Hrs Playtime, Fast Charge, Quad M...",899,4.0
"Toreto Tune Air With Quad Mics, ENC, 25 Hr Playtime, 13...",1189,3.5
"Zusix GameStorm 155 with 40 Hours Music Time, Deep Bass...",899,3.7
boAt Airdopes 161/163 with ASAP Charge & 40 HRS Playbac...,799,4.0
"Boult Astra with Quad Mic ENC, 48Hrs Battery, Low Laten...",1099,4.1
Beats Fit Pro with Active Noise Cancellation Bluetooth,20990,4.7
"truke Yoga Beat Open-Ear Headset with 30H Playtime, Dua...",799,3.8
"Boult Z40 Pro with 100H Battery, Quad Mic ENC, Scratch ...",1199,4.1
"Mivi SuperPods Opera earbuds [Flagship Launch], Hi-res ...",1499,4.8
"Noise Buds Venus with ANC (30dB), 40 Hours Playtime, an...",1899,3.8
"JBL Live Buds 3, Hi-Res LDAC Audio ANC TWS, SmartCase,4...",13999,3.9
"NOPE Nuclear D1 Gaming TWS Buds 50Hrs Playtime, BT 5.1,...",649,3.7
Mivi Duopods F30 with 42 hours battery Fast Charging TW...,999,3.9
"Boult Z40 Pro with 100H Battery, Quad Mic ENC, Scratch ...",1199,4.1
"Boult Astra with Quad Mic ENC, 48Hrs Battery, Low Laten...",1099,4.1
"Fire-Boltt Aura TWS Earbuds with 40 Hours Playback, Qua...",1299,3.8
SAMSUNG Galaxy Buds2 Pro SM-R510NZWAINS Bluetooth,10299,4.4
"Mivi DuoPods i6 TWS, Engineered for Athletes, IPX 4.0,1...",699,4.3
boAt Airdopes 131 with upto 60 hours and ASAP Charge Bl...,699,4.0
Nokia TWS-201 Bluetooth Gaming,2299,3.8
"JBL Wave 300 TWS, 26Hr Playtime, Open-Ear Design, JBL E...",3099,3.8
"TECHFIRE Bullets 221 TWS Earbuds with 100 HRS Playtime,...",599,4.1
"NOPE Nuclear B1 TWS Earbuds 40Hrs Playtime, BT 5.1, 13 ...",649,3.7
"Mivi DuoPods K2 TWS,AI-ENC,40Hr Playtime,13mm Bass,Made...",599,3.9
"Boult Z40 Pro with 100H Battery, Quad Mic ENC, Scratch ...",1199,4.1
wazny YO-TWS In-Ear Earbuds Wireless Earphones Stereo B...,716,3.6
"Mivi DuoPods F70 ENC with Quad Mic, 50+ Hrs Playtime| M...",1499,3.9
"Boult Astra with Quad Mic ENC, 48Hrs Battery, Low Laten...",1099,4.1
"TRIGGR Ultrabuds N1 Neo with ENC, 40Hr Playback, 13mm D...",599,4.1
"truke Buds Q1 Lite with Quad-Mic ENC, 48H Playtime, Roy...",699,4.0
"Infinix XE 27 with Hybrid ANC, 4-Mic ENC, Voice Through...",1699,4.7
OPPO Enco Air 2 Pro Bluetooth,2499,4.3
WINGS Phantom 500 with ENC and 40 ms latency game mode ...,799,4.0
"Mivi DuoPods i6 TWS, Engineered for Athletes, IPX 4.0,1...",699,4.3
"Boult W20 with Zen ENC Mic, 35H Battery Life, Low Laten...",799,4.1
Aroma NB126 King Kong Upto 60 Hours Playtime TypeC Fast...,599,3.7
DIGIBUDS N21 Airypod/Neckband/Earbuds/TWs/buds 5.3 Earb...,799,3.7
"TRIGGR Kraken X1 with Battery Display, 40ms Latency, Qu...",799,4.0
"truke Buds Q1 Lite with Quad-Mic ENC, 48H Playtime, Roy...",599,4.0
LG TONE Free HBS-FN4 with British Meridian Sound & Nois...,8990,3.7
HRX X-Drops 9G with Quick Touch Technology Bluetooth Ga...,2599,3.8
boAt Airdopes 138 Bluetooth,999,3.7
Soundcore by Anker Life Note True Wireless Bluetooth,2999,4.0
"Boult Y1 with Zen ENC Mic, 50H Battery, Fast Charging, ...",799,4.0
"Boult Astra with Quad Mic ENC, 48Hrs Battery, Low Laten...",1099,4.1
"HOPPUP AirDoze Q505 Earbuds with Quad Mic ENC, 50H Play...",899,3.7
"Boult X45 with Quad Mic ENC, 40H Playtime, 45ms Ultra L...",799,3.9
"Mivi SuperPods Opera earbuds [Flagship Launch], Hi-res ...",1499,4.8
"Boult Z40 Pro with 100H Battery, Quad Mic ENC, Scratch ...",1199,4.1
Aroma NB126 King Kong Upto 60 Hours Playtime TypeC Fast...,599,3.7
Sennheiser Accentum True Wireless Earbuds with BT 5.3 a...,11990,4.4
"FUR JADEN AirJams 13mm HD Dynamic Driver, Thumping Bass...",788,3.9
CrossBeats Groov Buds Bluetooth Gaming,1499,3.9
"truke BTG1 Earbuds with Game Mode, 48H Playtime, Quad M...",749,4.0
boAt Nirvana Ion with 120 Hours Playback & Crystal Bion...,1398,4.1
"Tunifi Gaming Pro 60 with 40H Playtime, Quad Mic ENC, G...",639,3.5
"boAt Immortal 150 w/ Beast Mode(40ms Low Latency), 40 H...",1499,3.9
"Mivi DuoPods i6 TWS, Engineered for Athletes, IPX 4.0,1...",699,4.3
boAt Airdopes 131 with upto 60 hours and ASAP Charge Bl...,699,4.0
"Boult X10 Pro with Quad Mic ENC, 45H Battery Life, 50ms...",999,3.9
Ambrane Dots Hype Bluetooth,1299,3.6
"Mivi Commando Z7,13mm Drivers Bass,50H Playtime,Dual Mi...",1499,3.7
Marshall Minor IV Bluetooth,11999,3.6
"Boult Z40 Pro with 100H Battery, Quad Mic ENC, Scratch ...",1199,4.1
"Boult Astra with Quad Mic ENC, 48Hrs Battery, Low Laten...",1099,4.1
"Tunifi A520 Earbuds 13mm HD Dynamic Driver, Touch Contr...",729,3.6
"WINGS Phantom 860 Earbuds with Game mode, 50 hrsPlaytim...",899,3.9
"TRIGGR Ultrabuds N1 Neo with ENC, 40Hr Playback, 13mm D...",599,4.1
"Mivi DuoPods i6 TWS, Engineered for Athletes, IPX 4.0,1...",699,4.3
"Grooves Gaming Theta,Dual Mode,Upto 150hrs StandBy,400m...",1050,3.7
"GOVO GOBUDS 410 True Wireless in Ear Earbuds, 20 Hours ...",1599,3.8
"TRIGGR Ultrabuds N1 with ENC, 40H Battery, Trucomm Call...",999,3.9
Mivi DuoPods F60 ENC with 50+ Hrs Playtime| Made in Ind...,1399,3.7
"Boult W20 with Zen ENC Mic, 35H Battery Life, Low Laten...",799,4.1
"TRIGGR Kraken X1 with Battery Display, 40ms Latency, Qu...",799,4.0
"Mivi Commando X9 Earbuds, Dual RGB Lights, 35ms Low Lat...",1999,3.8
"IZWI X41 Earbuds 13mm HD Dynamic Driver, Touch Controls...",807,4.0
"truke Buds Q1 Lite with Quad-Mic ENC, 48H Playtime, Roy...",599,4.0
"Boult W20 with Zen ENC Mic, 35H Battery Life, Low Laten...",799,4.1
CrossBeats URBAN True Wireless Bluetooth,3098,3.6
"boAt Airdopes 155 w/ 40 hrs Playtime,In-Ear Detection,Q...",1399,3.6
"DIGIBUDS Gaming Pro 60 with 40H Playtime, Quad Mic ENC,...",692,3.6
Beats Solo Buds USB-C case with Fast Charge Bluetooth,6900,3.6
"Boult Y1 with Zen ENC Mic, 50H Battery, Fast Charging, ...",799,4.0
"Boult Astra with Quad Mic ENC, 48Hrs Battery, Low Laten...",1099,4.1
"ORAIMO Airbuds 3 Earbuds with ENC, up to 20 hours Playb...",999,4.0
"Boult Z35 with Zen ENC Mic, 32Hrs Battery Life, 45ms Ul...",799,3.9
"Mivi SuperPods Opera earbuds [Flagship Launch], Hi-res ...",1499,4.8
"Boult Z40 Pro with 100H Battery, Quad Mic ENC, Scratch ...",1199,4.1
"HOPPUP AirDoze H30 Earbuds with upto 30H Playtime, ENC ...",899,3.7
"HOPPUP AirDoze Z50 with Quad Mic ENC, 13MM Drivers, 50H...",799,3.9
DigiClues TN02 Pocket Earbuds/TWs/buds 5.3 Earbuds with...,899,3.5
"HOPPUP AirDoze Grand Pro with Power Bank Function, 200 ...",749,3.9
"truke BTG1 Earbuds with Game Mode, 48H Playtime, Quad M...",799,4.0
"TRIGGR Apex S1 with Dual Pairing, 100H Battery, Quad Mi...",1999,4.0
"boAt Airdopes Bliss ANC TWS Earbuds w/ ANC(32dB), 42 HR...",720,3.5
Tunifi Premium N21 Earbuds/TWs/buds 5.1 Earbuds with 30...,699,3.5
"Mivi DuoPods i6 TWS, Engineered for Athletes, IPX 4.0,1...",799,4.3
boAt Airdopes 161/163 with ASAP Charge & 40 HRS Playbac...,999,4.0
"truke Buds Q1 with 30H Playtime, Quad Mic ENC, Game Mod...",1529,4.0
boAt Immortal 101 Bluetooth,999,3.7
WINGS Flobuds 400 Made In India High Fidelity Smart ENC...,3748,3.7
realme Buds Air 3 with Fast Charge & Active Noise Cance...,699,4.2
boAt Airdopes 131 with upto 60 hours and ASAP Charge Bl...,1199,4.0
"Boult Z40 Pro with 100H Battery, Quad Mic ENC, Scratch ...",599,4.1
"Aroma NB126 London Upto 50 Hours Playtime, Type C Fast ...",899,3.6
Syska SonicBuds X1 Bluetooth,1099,3.7
"Boult Astra with Quad Mic ENC, 48Hrs Battery, Low Laten...",599,4.1
"TRIGGR Ultrabuds N1 Neo with ENC, 40Hr Playback, 13mm D...",600,4.1
"AMS X36 Nexus series TWS Earbuds 24Hrs Playtime, IPX5 S...",639,3.9
HODOPHILE TF Premium BTH F9 Earbuds/TWs/buds 5.1 Earbud...,10999,3.5
Beats Studio Buds Bluetooth Truly Wireless In Ear Earbu...,1499,4.0
"boAt Immortal 150 w/ Beast Mode(40ms Low Latency), 40 H...",699,3.9
"Mivi DuoPods i6 TWS, Engineered for Athletes, IPX 4.0,1...",799,4.3
"Boult W20 with Zen ENC Mic, 35H Battery Life, Low Laten...",899,4.1
"HOPPUP AirDoze D505 TWS Earbuds with 50H PlayTime,Rage ...",899,3.8
US1984 True Wireless Earbuds ENC Game mode Low Latency ...,799,4.1
"TRIGGR Kraken X1 with Battery Display, 40ms Latency, Qu...",599,4.0
"truke Buds Q1 Lite with Quad-Mic ENC, 48H Playtime, Roy...",999,4.0
DigiClues Gaming Immortal Earbuds/TWs/buds 5.3 Earbuds ...,3999,4.0
WINGS Flobuds 300 Made In India TWS Earbuds with Leathe...,999,3.8
"Skullcandy Mod Wireless Earbuds, 34 Hr Battery, Microph...",799,3.4
Inbase Buds Mini Pro Bluetooth,799,4.1
"Boult W20 with Zen ENC Mic, 35H Battery Life, Low Laten...",1399,4.1
"Boult Y1 with Zen ENC Mic, 50H Battery, Fast Charging, ...",2399,4.0
Gizmore TWS 804 Bluetooth V5.0 in-Ear Wireless Earbuds ...,799,3.7
boAt Airdopes 381 with upto 20 Hours Playback and ASAP ...,1099,4.0
boAt Airdopes 161/163 with ASAP Charge & 40 HRS Playbac...,899,4.0
"Boult Astra with Quad Mic ENC, 48Hrs Battery, Low Laten...",28900,4.1
"HOPPUP AirDoze D505 TWS Earbuds with 50H PlayTime,Rage ...",728,3.8
Beats Powerbeats Pro Bluetooth,999,4.4
"Ycom Rockin 42H Playtime with Fast Charge, Built in ENC...",1499,3.7
ZEBRONICS Sound Bomb X1 - Black Bluetooth,1199,3.6
"Mivi SuperPods Opera earbuds [Flagship Launch], Hi-res ...",1999,4.8
"Boult Z40 Pro with 100H Battery, Quad Mic ENC, Scratch ...",899,4.1
"Edyell A1 Wireless Earbuds with 48 HRS Playtime, HD Cal...",699,4.5
"HOPPUP AirDoze Grand Pro with Power Bank Function, 200 ...",699,3.9
"Mivi DuoPods i6 TWS, Engineered for Athletes, IPX 4.0,1...",1499,4.3
boAt Airdopes 131 with upto 60 hours and ASAP Charge Bl...,766,4.0
Rackit Power Screen TWS WHITE Noise Cancellation Blueto...,849,3.9
Brolan True Wireless (TWS) 48Hours Playback IPX4(Splash...,1999,3.4
Tunifi Classic A-520 Earbuds/TWs/buds 5.3 Earbuds with ...,599,3.6
"Mivi Commando X9 Earbuds, Dual RGB Lights, 35ms Low Lat...",1199,3.8
"Mivi DuoPods K2 TWS,AI-ENC,40Hr Playtime,13mm Bass,Made...",1299,3.9
"Boult Z40 Pro with 100H Battery, Quad Mic ENC, Scratch ...",1149,4.1
LAVA Probuds 21 Bluetooth,1099,3.8
U&i Makeup 30 Hrs Battery Backup True Wireless Earbuds ...,599,4.0
"Boult Astra with Quad Mic ENC, 48Hrs Battery, Low Laten...",3999,4.1
"TRIGGR Ultrabuds N1 Neo with ENC, 40Hr Playback, 13mm D...",799,4.1
"Skullcandy Mod Wireless Earbuds, 34 Hr Battery, Microph...",2999,3.4
"HOPPUP AirDoze Z50 with Quad Mic ENC, 13MM Drivers, 50H...",4499,3.9
"boAt Nirvana Nebula w/ Dolby Audio, ANC(35dB), Adaptive...",699,3.7
"JBL Tune Buds Active Noise Cancellation, 48H playtime,S...",799,4.0
"Mivi DuoPods i6 TWS, Engineered for Athletes, IPX 4.0,1...",809,4.3
"Boult W20 with Zen ENC Mic, 35H Battery Life, Low Laten...",599,4.1
"Mozu Flexibuds Klear with ENC,Mems Mic,Game Mode,Low La...",799,4.0
"Aroma NB126 London Upto 50 Hours Playtime, Type C Fast ...",599,3.6
"TRIGGR Kraken X1 with Battery Display, 40ms Latency, Qu...",1099,4.0
"truke Buds Q1 Lite with Quad-Mic ENC, 48H Playtime, Roy...",3299,4.0
PTron Bassbuds Viper Bluetooth,799,3.8
"Skullcandy Jib Earbuds, 32 Hr Battery, Mic, Works with ...",12900,3.6
CIHYARD Mahi Kill VERY POWERFULL BASS BOOSTED MINI AIRB...,799,4.0
"SONY WF-LS900N Battery Life: 20hours, Noise Cancellatio...",1099,4.1
"Boult Y1 with Zen ENC Mic, 50H Battery, Fast Charging, ...",699,4.0
"Boult Astra with Quad Mic ENC, 48Hrs Battery, Low Laten...",778,4.1
Foxne Point One side Bluetooth Headset 8 Hour Music tim...,1499,4.0
"Ycom NovaX - 42H Playtime With ENC, IPX-5 Water Resista...",1199,3.9
"Mivi SuperPods Opera earbuds [Flagship Launch], Hi-res ...",910,4.8
"Boult Z40 Pro with 100H Battery, Quad Mic ENC, Scratch ...",799,4.1
"Grooves Ultra Luxury,120 Hr Playtime 49db Anc,Fast Char...",699,4.3
"Cellecor BroPods CB11 TWS With 45 Hrs, ENC, 13mm Driver...",899,4.1
TECHFIRE Bullets Bassbuds TWS Earbuds with 100 HRS Play...,749,3.7
ZEBRONICS Zeb-Yoga N3 Bluetooth,1398,3.8
"truke BTG1 Earbuds with Game Mode, 48H Playtime, Quad M...",765,4.0
boAt Nirvana Ion with 120 Hours Playback & Crystal Bion...,769,4.1
"Tunifi N21 with 40H Playtime, Quad Mic ENC, Game Mode, ...",699,3.4
BELL BLBH S145 wireless Bluetooth speaker Bluetooth,799,5.0
"Mivi DuoPods i6 TWS, Engineered for Athletes, IPX 4.0,1...",749,4.3
boAt Airdopes 161/163 with ASAP Charge & 40 HRS Playbac...,2599,4.0
TecSox Audio X Wireless Earbuds| IPX| 30hrs Best Low La...,876,4.1
boAt Airdopes 411ANC Netflix Edition with Active Noise ...,799,3.9
"MSNR New High Bass TWS Earbuds, 48Hrs Playtime, Feel Th...",699,4.5
"DigiClues N21 with 40H Playtime, Quad Mic ENC, Game Mod...",1199,3.6
boAt Airdopes 131 with upto 60 hours and ASAP Charge Bl...,1599,4.0
"Boult Z40 Pro with 100H Battery, Quad Mic ENC, Scratch ...",1099,4.1
Jlab Go Air Sport Bluetooth,1099,3.5
Portronics Harmonics Twins 22 Smart TWS Earpods Bluetoo...,599,3.9
"Boult Astra with Quad Mic ENC, 48Hrs Battery, Low Laten...",999,4.1
"TRIGGR Ultrabuds N1 Neo with ENC, 40Hr Playback, 13mm D...",1399,4.1
Inbase Buds Mini Pro Bluetooth,599,4.1
WINGS Bass Drops 101 with Environmental Noise Cancellat...,699,3.8
"TECHFIRE 200 Plus with 100 HRS Playback, Silicon Mics E...",699,3.6
Cellecor BroPods CB44 Waterproof TWS With 35 Hours Play...,799,3.7
"Mivi DuoPods i6 TWS, Engineered for Athletes, IPX 4.0,1...",999,4.3
"Boult W20 with Zen ENC Mic, 35H Battery Life, Low Laten...",800,4.1
"PTron Basspods Torq Gaming Earbuds with AI-ENC Calls, 4...",799,3.5
Tunifi TF Premium P30 Earbuds/TWs/buds 5.1 Earbuds with...,599,3.7
"TRIGGR Kraken X1 with Battery Display, 40ms Latency, Qu...",799,4.0
"truke Buds Q1 Lite with Quad-Mic ENC, 48H Playtime, Roy...",599,4.0
"HOPPUP AirDoze Z50 with Quad Mic ENC, 13MM Drivers, 50H...",1299,3.9
"Aroma NB126 Prime Upto 60 Hours* Playtime, Dual Pairing...",999,3.5
LAVA Probuds 21 Bluetooth,799,3.8
"PTron BudSENS 1 ANC Active Noise Cancellation(28dB), 60...",799,3.3
"Boult W20 with Zen ENC Mic, 35H Battery Life, Low Laten...",999,4.1
"Boult Y1 with Zen ENC Mic, 50H Battery, Fast Charging, ...",899,4.0
"TRIGGR Apex S2 with Dual Pairing, 60H Battery, Quad Mic...",799,4.0
TEMPT Thunder X True Wireless Earbuds with 13mm Drivers...,1099,3.9
boAt Airdopes 161/163 with ASAP Charge & 40 HRS Playbac...,1799,4.0
"Boult Astra with Quad Mic ENC, 48Hrs Battery, Low Laten...",1799,4.1
Landmark LM BH93 TWS Bluetooth Earbuds with ENC+ANC Tec...,1029,3.5
Blaupunkt BTW25F BK Bluetooth,899,3.7
Blaupunkt BTW12 KHROME Bassbuds Truly Wireless BT Earbu...,1499,4.0
"HOPPUP AirDoze D50 Earbuds with upto 50H Playtime, ENC,...",1199,3.7
"Mivi SuperPods Opera earbuds [Flagship Launch], Hi-res ...",799,4.8
"Boult Z40 Pro with 100H Battery, Quad Mic ENC, Scratch ...",649,4.1
"Cellecor BroPods CB03-ACE TWS With 40 Hours Playtime, E...",699,3.9
"TEMPT Dots TWS with 13mm Drivers, 15 Hours of Play Time...",699,3.7
"Mivi DuoPods i6 TWS, Engineered for Athletes, IPX 4.0,1...",599,4.3
boAt Airdopes 131 with upto 60 hours and ASAP Charge Bl...,1978,4.0
CIHYARD Bullets C2 - MAGNETIC POWER OFF/ON 48Hr Playtim...,1169,3.7
boAt Airdopes Unity ANC Bluetooth,599,3.0
"Grooves METAL Ultra Luxury,120 Hr Playtime 49db Anc,Fas...",599,4.4
UPOZA ULTRAPODS PRO AI Calling Neckband Airbuds TWS Ear...,1199,3.5
"Mivi DuoPods K2 TWS,AI-ENC,40Hr Playtime,13mm Bass,Made...",2399,3.9
"Boult Z40 Pro with 100H Battery, Quad Mic ENC, Scratch ...",1499,4.1
boAt Airdopes 381 with upto 20 Hours Playback and ASAP ...,1099,4.0
"truke Clarity 2 with 80H Playtime, 6Mics Adv.ENC, 35ms ...",599,3.8
"Boult Astra with Quad Mic ENC, 48Hrs Battery, Low Laten...",1699,4.1
"TRIGGR Ultrabuds N1 Neo with ENC, 40Hr Playback, 13mm D...",1444,4.1
"boAt Immortal 121 with Beast Mode(40ms Low Latency),RGB...",849,4.0
BELL HERO PODS TWS|ENC|40 Hrs Music Playback|IPX5|Touch...,1029,4.1
ZEBRONICS ZEB-PARADISE Bluetooth,699,3.7
Blaupunkt BTW12 KHROME Bassbuds Truly Wireless BT Earbu...,799,4.0
"Mivi DuoPods i6 TWS, Engineered for Athletes, IPX 4.0,1...",699,4.3
"Boult W20 with Zen ENC Mic, 35H Battery Life, Low Laten...",1399,4.1
SENS CNATRA 2 TWS with Fast Charging Bluetooth,799,3.6
"boAt Airdopes 155 w/ 40 hrs Playtime,In-Ear Detection,Q...",599,3.6
"TRIGGR Kraken X1 with Battery Display, 40ms Latency, Qu...",865,4.0
"truke Buds Q1 Lite with Quad-Mic ENC, 48H Playtime, Roy...",1299,4.0
"Tunifi P30 with 40H Playtime, Quad Mic ENC, Game Mode, ...",1529,4.0
"Mivi DuoPods i4 TWS,Quad-mic ENC,13mm Bass,50+ Hrs Play...",1299,3.6
boAt Immortal101 Bluetooth,799,3.7
Bee Air Buds Pro 2nd Generation (White) Earbuds Active ...,1099,3.7
"Boult Y1 with Zen ENC Mic, 50H Battery, Fast Charging, ...",599,4.0
"Boult Astra with Quad Mic ENC, 48Hrs Battery, Low Laten...",620,4.1
TECHFIRE Bullets 161 with Gaming Mode(40ms Low Latency)...,1499,3.5
DIGIBUDS DB-PRO 60 Upto 25 Hours Playback Bluetooth,1199,3.7
"Mivi SuperPods Opera earbuds [Flagship Launch], Hi-res ...",699,4.8
"Boult Z40 Pro with 100H Battery, Quad Mic ENC, Scratch ...",899,4.1
"Cellecor BroPods CB44 TWS With 35 Hours Playtime, ENC, ...",1299,3.7
"HOPPUP AirDoze S50 Earbuds with upto 50H Playtime, ENC,...",651,3.7
"truke Buds S2 with 48H Playtime, Quad Mic ENC, Instant ...",749,3.9
"XITARA S209 BT Mic v5.0 for Calling, Music Sports Earbu...",799,3.5
"truke BTG1 Earbuds with Game Mode, 48H Playtime, Quad M...",909,4.0
"TRIGGR Apex S1 with Dual Pairing, 100H Battery, Quad Mi...",633,4.0
"byer X8-KATANA Gaming Earbuds,45msLatency,40H playtime,...",699,3.9
"TEMPT Dots TWS with 13mm Drivers, 15 Hours of Play Time...",699,3.7
"Mivi DuoPods i6 TWS, Engineered for Athletes, IPX 4.0,1...",599,4.3
boAt Airdopes 131 with upto 60 hours and ASAP Charge Bl...,1157,4.0
"Aroma NB126 Quicker Upto 60 Hours* Playtime, Dual Pairi...",7299,3.6
NEXTGEN Feel the Power Stereo Bluetooth V5.1 30Hours Pl...,1999,4.0
"Skullcandy Push Active Wireless Earbuds, 43 Hr Battery,...",599,3.7
"Edyell A1 Wireless Earbuds with 48 HRS Playtime, HD Cal...",1199,4.5
"Mivi DuoPods K2 TWS,AI-ENC,40Hr Playtime,13mm Bass,Made...",699,3.9
"Boult Z40 Pro with 100H Battery, Quad Mic ENC, Scratch ...",749,4.1
omthing By 1MORE AirFree Pods With Qualcomm 3.0 Wireles...,1099,3.0
NEXTGEN Sound Doctor True Wireless Sports 30Hours Playt...,599,4.3
"Boult Astra with Quad Mic ENC, 48Hrs Battery, Low Laten...",799,4.1
"TRIGGR Ultrabuds N1 Neo with ENC, 40Hr Playback, 13mm D...",1099,4.1
"HOPPUP SNAP with Gaming Mode, Fast Charging, ENC, Immer...",1999,3.9
ZEBRONICS Zeb-Yoga N3 Bluetooth,1099,3.8
boAt Airdopes 381 Bluetooth,699,3.9
Pick Ur Needs Wireless Bluetooth Headphone With Microph...,799,4.8
"Mivi DuoPods i6 TWS, Engineered for Athletes, IPX 4.0,1...",640,4.3
"Boult W20 with Zen ENC Mic, 35H Battery Life, Low Laten...",739,4.1
"DIGIBUDS Earbuds PRO-60 with ASAP Charge, 13mm Drivers ...",799,4.2
"Klikk Rock Air 01 with ENC,5.3 BT, Long Battery Life Up...",599,3.9
"TRIGGR Kraken X1 with Battery Display, 40ms Latency, Qu...",899,4.0
"truke Buds Q1 Lite with Quad-Mic ENC, 48H Playtime, Roy...",2082,4.0
"ZEBRONICS ZEB-YOGA N3 with 46 Hours backup,ENC Calling,...",799,3.8
"Fire-Boltt Fire Pods Polaris ANC ENC Earbuds TWS, about...",773,3.7
DigiClues Premium N-21 Earbuds/TWs/buds 5.1 with 300H P...,799,3.7
Tunifi N21 TWS Earbuds Upto 36 Hours Playback with ASAP...,1099,3.7
"Boult Y1 with Zen ENC Mic, 50H Battery, Fast Charging, ...",1299,4.0
"Boult Astra with Quad Mic ENC, 48Hrs Battery, Low Laten...",721,4.1
Bee Air Buds Pro 2nd Generation (White) Earbuds Active ...,1499,3.7
Brolan Truly Wireless in-Ear Blue Earbuds with ANC Blue...,1199,3.8
"Mivi SuperPods Opera earbuds [Flagship Launch], Hi-res ...",21500,4.8
"Boult Z40 Pro with 100H Battery, Quad Mic ENC, Scratch ...",777,4.1
Beats Powerbeats Pro Bluetooth,799,4.4
"Ycom NovaX - 42H Playtime With ENC, IPX-5 Water Resista...",1599,3.9
"HOPPUP AirDoze Z50 with Quad Mic ENC, 13MM Drivers, 50H...",749,3.9
Jlab Go Air Sport Bluetooth,1398,3.5
"truke BTG1 Earbuds with Game Mode, 48H Playtime, Quad M...",910,4.0
boAt Nirvana Ion with 120 Hours Playback & Crystal Bion...,822,4.1
"Hammer Arcade True Wireless Earbuds with 20H Playtime,5...",699,3.7
"Chaebol H700 XPods Pro Airpods with 13mm Drivers, 48H B...",699,4.1
"Mivi DuoPods i6 TWS, Engineered for Athletes, IPX 4.0,1...",818,4.3
boAt Airdopes 131 with upto 60 hours and ASAP Charge Bl...,599,4.0
Tunifi Premium N21 TWS LED With Flashlight 40H Playtime...,614,3.6
UPOZA Earbuds M19 Bluetooth Gaming,1236,3.5
Tunifi M28 Gaming Monster Earbuds with ASAP Charge Blue...,599,3.7
retold UBON ALIEN AVP BT-75 TWS GAMING EARBUDS WITH POW...,1199,3.5
"Mivi DuoPods K2 TWS,AI-ENC,40Hr Playtime,13mm Bass,Made...",599,3.9
"Boult Z40 Pro with 100H Battery, Quad Mic ENC, Scratch ...",1399,4.1
"AMS X33 Airdopes with 40 Hours Playback, ASAP Charge & ...",1099,3.1
Mivi DuoPods F60 ENC with 50+ Hrs Playtime| Made in Ind...,599,3.7
"Boult Astra with Quad Mic ENC, 48Hrs Battery, Low Laten...",18990,4.1
"TRIGGR Ultrabuds N1 Neo with ENC, 40Hr Playback, 13mm D...",685,4.1
"Sennheiser Momentum True Wireless 4 wuth Bluetooth 5.4,...",1099,3.7
summore RAINBOW Bluetooth,599,3.9
"WINGS Phantom 430 with App Support, 40ms Low Latency , ...",699,4.0
DATIVE Tws Earbuds with 24 Hours Playtime IPX6 Waterpro...,799,3.8
"Mivi DuoPods i6 TWS, Engineered for Athletes, IPX 4.0,1...",699,4.3
"Boult W20 with Zen ENC Mic, 35H Battery Life, Low Laten...",2499,4.1
"truke BTG Alpha Earbuds with Game Mode, 38H Playtime, 7...",799,3.9
"URBN in Earbuds with 13MM Driver, Type C Charging Bluet...",599,4.1
"TRIGGR Kraken X1 with Battery Display, 40ms Latency, Qu...",599,4.0
"truke Buds Q1 Lite with Quad-Mic ENC, 48H Playtime, Roy...",599,4.0
DEFY Gravity DTWS01 Bluetooth,670,3.3
Chaebol Classic series O11 Earbuds/TWs/buds 5.3 Earbuds...,899,4.0
NECKTECH NT-95 Neckband 5 types of voice changer during...,799,3.8
"truke Buds S2 Lite with Quad-Mic ENC, 48H Playtime, Mad...",1099,3.9
"Boult Y1 with Zen ENC Mic, 50H Battery, Fast Charging, ...",999,4.0
"Boult Astra with Quad Mic ENC, 48Hrs Battery, Low Laten...",2082,4.1
"PTron Basspods Torq Gaming Earbuds with AI-ENC Calls, 4...",1499,3.5
"Fire-Boltt Fire Pods Polaris ANC ENC Earbuds TWS, about...",1199,3.7
"Mivi SuperPods Opera earbuds [Flagship Launch], Hi-res ...",729,4.8
"Boult Z40 Pro with 100H Battery, Quad Mic ENC, Scratch ...",1631,4.1
"Ycom Rockin 42H Playtime with Fast Charge, Built in ENC...",799,3.7
Pebble Twins Bluetooth,599,3.6
Earbot 2nd Gen Wireless Earbuds Pro 2 Bluetooth,749,4.3
"AXL Wave TWS,Rich Bass,24H Playtime ENC,BT Earbuds Blue...",1398,4.0
"truke BTG1 Earbuds with Game Mode, 48H Playtime, Quad M...",19999,4.0
boAt Nirvana Ion with 120 Hours Playback & Crystal Bion...,24990,4.1
